year;price_electtariffs_inflatnadjusted_cent_per_kwh
2005;22.6
2006;26.5
2007;24.9
2008;29.7
2009;23.9
2010;27
2011;29.2
2012;30.6
2013;28.3
2014;27
2015;22.8
2016;19.7
2017;21.2
2018;23.1
2019;23.6
2020;22.1
2021;22.5
2022;25.8
